area_id	subtotal_type	result_stat	ALL	AI	AINPP	DEM	DEMNPP	GRN	LIB	LIBNPP	PF	REP	NPP	NPPALL
ALL	TO	RSReg	481991
ALL	TO	RSVot	253583
ALL	ED	RSReg	160084
ALL	ED	RSVot	89756
ALL	MV	RSIss	321907	5746	0	188399	1	2507	1972	0	861	23351	99070	99071
ALL	MV	RSCst	168390	2234	0	104401	1	1387	703	0	288	12848	46528	46529
ALL	MV	RSCnt	164711	2175	0	102125	1	1363	691	0	283	12627	45446	45447
ALL	MV	RSPnd	0	0	0	0	0	0	0	0	0	0	0	0
ALL	MV	RSCha	3679	59	0	2276	0	24	12	0	5	221	1082	1082
PCT1101	TO	RSReg	544
PCT1101	TO	RSVot	281
PCT1101	ED	RSVot	83
PCT1101	MV	RSVot	198
PCT1102	TO	RSReg	964
PCT1102	TO	RSVot	525
PCT1102	ED	RSVot	188
PCT1102	MV	RSVot	337
PCT1103	TO	RSReg	914
PCT1103	TO	RSVot	511
PCT1103	ED	RSVot	163
PCT1103	MV	RSVot	348
PCT1104	TO	RSReg	953
PCT1104	TO	RSVot	459
PCT1104	ED	RSVot	167
PCT1104	MV	RSVot	292
PCT1106	TO	RSReg	740
PCT1106	TO	RSVot	344
PCT1106	ED	RSVot	113
PCT1106	MV	RSVot	231
PCT1107	TO	RSReg	721
PCT1107	TO	RSVot	341
PCT1107	ED	RSVot	101
PCT1107	MV	RSVot	240
PCT1108	TO	RSReg	882
PCT1108	TO	RSVot	484
PCT1108	ED	RSVot	156
PCT1108	MV	RSVot	328
PCT1109	TO	RSReg	758
PCT1109	TO	RSVot	389
PCT1109	ED	RSVot	124
PCT1109	MV	RSVot	265
PCT1111	TO	RSReg	938
PCT1111	TO	RSVot	462
PCT1111	ED	RSVot	132
PCT1111	MV	RSVot	330
PCT1112	TO	RSReg	702
PCT1112	TO	RSVot	317
PCT1112	ED	RSVot	96
PCT1112	MV	RSVot	221
PCT1113	TO	RSReg	701
PCT1113	TO	RSVot	354
PCT1113	ED	RSVot	82
PCT1113	MV	RSVot	272
PCT1114	TO	RSReg	915
PCT1114	TO	RSVot	419
PCT1114	ED	RSVot	139
PCT1114	MV	RSVot	280
PCT1115	TO	RSReg	835
PCT1115	TO	RSVot	376
PCT1115	ED	RSVot	97
PCT1115	MV	RSVot	279
PCT1116	TO	RSReg	842
PCT1116	TO	RSVot	416
PCT1116	ED	RSVot	141
PCT1116	MV	RSVot	275
PCT1117	TO	RSReg	827
PCT1117	TO	RSVot	378
PCT1117	ED	RSVot	138
PCT1117	MV	RSVot	240
PCT1118	TO	RSReg	974
PCT1118	TO	RSVot	493
PCT1118	ED	RSVot	158
PCT1118	MV	RSVot	335
PCT1119	TO	RSReg	745
PCT1119	TO	RSVot	371
PCT1119	ED	RSVot	97
PCT1119	MV	RSVot	274
PCT1121	TO	RSReg	653
PCT1121	TO	RSVot	325
PCT1121	ED	RSVot	104
PCT1121	MV	RSVot	221
PCT1122	TO	RSReg	607
PCT1122	TO	RSVot	282
PCT1122	ED	RSVot	69
PCT1122	MV	RSVot	213
PCT1123	TO	RSReg	876
PCT1123	TO	RSVot	372
PCT1123	ED	RSVot	118
PCT1123	MV	RSVot	254
PCT1124	TO	RSReg	773
PCT1124	TO	RSVot	309
PCT1124	ED	RSVot	109
PCT1124	MV	RSVot	200
PCT1125	TO	RSReg	987
PCT1125	TO	RSVot	409
PCT1125	ED	RSVot	80
PCT1125	MV	RSVot	329
PCT1126	TO	RSReg	900
PCT1126	TO	RSVot	384
PCT1126	ED	RSVot	92
PCT1126	MV	RSVot	292
PCT1127	TO	RSReg	875
PCT1127	TO	RSVot	418
PCT1127	ED	RSVot	141
PCT1127	MV	RSVot	277
PCT1128	TO	RSReg	813
PCT1128	TO	RSVot	350
PCT1128	ED	RSVot	104
PCT1128	MV	RSVot	246
PCT1129	TO	RSReg	924
PCT1129	TO	RSVot	394
PCT1129	ED	RSVot	120
PCT1129	MV	RSVot	274
PCT1131	TO	RSReg	783
PCT1131	TO	RSVot	373
PCT1131	ED	RSVot	85
PCT1131	MV	RSVot	288
PCT1132	TO	RSReg	910
PCT1132	TO	RSVot	436
PCT1132	ED	RSVot	112
PCT1132	MV	RSVot	324
PCT1133	TO	RSReg	826
PCT1133	TO	RSVot	391
PCT1133	ED	RSVot	99
PCT1133	MV	RSVot	292
PCT1134	TO	RSReg	727
PCT1134	TO	RSVot	367
PCT1134	ED	RSVot	126
PCT1134	MV	RSVot	241
PCT1135	TO	RSReg	511
PCT1135	TO	RSVot	288
PCT1135	ED	RSVot	71
PCT1135	MV	RSVot	217
PCT1136	TO	RSReg	807
PCT1136	TO	RSVot	384
PCT1136	ED	RSVot	97
PCT1136	MV	RSVot	287
PCT1141	TO	RSReg	998
PCT1141	TO	RSVot	517
PCT1141	ED	RSVot	149
PCT1141	MV	RSVot	368
PCT1142	TO	RSReg	822
PCT1142	TO	RSVot	386
PCT1142	ED	RSVot	120
PCT1142	MV	RSVot	266
PCT1143	TO	RSReg	989
PCT1143	TO	RSVot	458
PCT1143	ED	RSVot	147
PCT1143	MV	RSVot	311
PCT1144	TO	RSReg	870
PCT1144	TO	RSVot	412
PCT1144	ED	RSVot	148
PCT1144	MV	RSVot	264
PCT1145	TO	RSReg	879
PCT1145	TO	RSVot	506
PCT1145	ED	RSVot	136
PCT1145	MV	RSVot	370
PCT1146	TO	RSReg	971
PCT1146	TO	RSVot	450
PCT1146	ED	RSVot	124
PCT1146	MV	RSVot	326
PCT1147	TO	RSReg	853
PCT1147	TO	RSVot	445
PCT1147	ED	RSVot	166
PCT1147	MV	RSVot	279
PCT1148	TO	RSReg	918
PCT1148	TO	RSVot	435
PCT1148	ED	RSVot	121
PCT1148	MV	RSVot	314
PCT1149	TO	RSReg	873
PCT1149	TO	RSVot	433
PCT1149	ED	RSVot	148
PCT1149	MV	RSVot	285
PCT1151	TO	RSReg	0
PCT1151	TO	RSVot	0
PCT1151	ED	RSVot	0
PCT1151	MV	RSVot	0
PCT1152	TO	RSReg	838
PCT1152	TO	RSVot	411
PCT1152	ED	RSVot	125
PCT1152	MV	RSVot	286
PCT1153	TO	RSReg	909
PCT1153	TO	RSVot	445
PCT1153	ED	RSVot	139
PCT1153	MV	RSVot	306
PCT1154	TO	RSReg	0
PCT1154	TO	RSVot	0
PCT1154	ED	RSVot	0
PCT1154	MV	RSVot	0
PCT7001	TO	RSReg	735
PCT7001	TO	RSVot	385
PCT7001	ED	RSVot	119
PCT7001	MV	RSVot	266
PCT7002	TO	RSReg	641
PCT7002	TO	RSVot	305
PCT7002	ED	RSVot	132
PCT7002	MV	RSVot	173
PCT7003	TO	RSReg	864
PCT7003	TO	RSVot	528
PCT7003	ED	RSVot	188
PCT7003	MV	RSVot	340
PCT7004	TO	RSReg	835
PCT7004	TO	RSVot	481
PCT7004	ED	RSVot	175
PCT7004	MV	RSVot	306
PCT7005	TO	RSReg	812
PCT7005	TO	RSVot	475
PCT7005	ED	RSVot	180
PCT7005	MV	RSVot	295
PCT7006	TO	RSReg	884
PCT7006	TO	RSVot	503
PCT7006	ED	RSVot	213
PCT7006	MV	RSVot	290
PCT7007	TO	RSReg	916
PCT7007	TO	RSVot	556
PCT7007	ED	RSVot	233
PCT7007	MV	RSVot	323
PCT7008	TO	RSReg	861
PCT7008	TO	RSVot	532
PCT7008	ED	RSVot	187
PCT7008	MV	RSVot	345
PCT7009	TO	RSReg	864
PCT7009	TO	RSVot	445
PCT7009	ED	RSVot	133
PCT7009	MV	RSVot	312
PCT7011	TO	RSReg	976
PCT7011	TO	RSVot	346
PCT7011	ED	RSVot	141
PCT7011	MV	RSVot	205
PCT7012	TO	RSReg	1061
PCT7012	TO	RSVot	607
PCT7012	ED	RSVot	224
PCT7012	MV	RSVot	383
PCT7013	TO	RSReg	805
PCT7013	TO	RSVot	383
PCT7013	ED	RSVot	132
PCT7013	MV	RSVot	251
PCT7014	TO	RSReg	1213
PCT7014	TO	RSVot	622
PCT7014	ED	RSVot	188
PCT7014	MV	RSVot	434
PCT7015	TO	RSReg	93
PCT7015	TO	RSVot	34
PCT7015	ED	RSVot	0
PCT7015	MV	RSVot	34
PCT7016	TO	RSReg	891
PCT7016	TO	RSVot	333
PCT7016	ED	RSVot	112
PCT7016	MV	RSVot	221
PCT7017	TO	RSReg	734
PCT7017	TO	RSVot	246
PCT7017	ED	RSVot	79
PCT7017	MV	RSVot	167
PCT7018	TO	RSReg	908
PCT7018	TO	RSVot	431
PCT7018	ED	RSVot	88
PCT7018	MV	RSVot	343
PCT7019	TO	RSReg	864
PCT7019	TO	RSVot	460
PCT7019	ED	RSVot	111
PCT7019	MV	RSVot	349
PCT7021	TO	RSReg	927
PCT7021	TO	RSVot	349
PCT7021	ED	RSVot	129
PCT7021	MV	RSVot	220
PCT7022	TO	RSReg	923
PCT7022	TO	RSVot	434
PCT7022	ED	RSVot	164
PCT7022	MV	RSVot	270
PCT7023	TO	RSReg	906
PCT7023	TO	RSVot	432
PCT7023	ED	RSVot	131
PCT7023	MV	RSVot	301
PCT7024	TO	RSReg	386
PCT7024	TO	RSVot	77
PCT7024	ED	RSVot	30
PCT7024	MV	RSVot	47
PCT7025	TO	RSReg	448
PCT7025	TO	RSVot	144
PCT7025	ED	RSVot	66
PCT7025	MV	RSVot	78
PCT7026	TO	RSReg	971
PCT7026	TO	RSVot	440
PCT7026	ED	RSVot	90
PCT7026	MV	RSVot	350
PCT7027	TO	RSReg	845
PCT7027	TO	RSVot	407
PCT7027	ED	RSVot	136
PCT7027	MV	RSVot	271
PCT7028	TO	RSReg	835
PCT7028	TO	RSVot	337
PCT7028	ED	RSVot	157
PCT7028	MV	RSVot	180
PCT7029	TO	RSReg	855
PCT7029	TO	RSVot	281
PCT7029	ED	RSVot	115
PCT7029	MV	RSVot	166
PCT7030	TO	RSReg	729
PCT7030	TO	RSVot	371
PCT7030	ED	RSVot	94
PCT7030	MV	RSVot	277
PCT7031	TO	RSReg	611
PCT7031	TO	RSVot	274
PCT7031	ED	RSVot	50
PCT7031	MV	RSVot	224
PCT7032	TO	RSReg	867
PCT7032	TO	RSVot	364
PCT7032	ED	RSVot	126
PCT7032	MV	RSVot	238
PCT7033	TO	RSReg	765
PCT7033	TO	RSVot	316
PCT7033	ED	RSVot	135
PCT7033	MV	RSVot	181
PCT7034	TO	RSReg	914
PCT7034	TO	RSVot	251
PCT7034	ED	RSVot	97
PCT7034	MV	RSVot	154
PCT7035	TO	RSReg	553
PCT7035	TO	RSVot	243
PCT7035	ED	RSVot	73
PCT7035	MV	RSVot	170
PCT7036	TO	RSReg	898
PCT7036	TO	RSVot	317
PCT7036	ED	RSVot	52
PCT7036	MV	RSVot	265
PCT7037	TO	RSReg	730
PCT7037	TO	RSVot	137
PCT7037	ED	RSVot	73
PCT7037	MV	RSVot	64
PCT7038	TO	RSReg	880
PCT7038	TO	RSVot	339
PCT7038	ED	RSVot	84
PCT7038	MV	RSVot	255
PCT7039	TO	RSReg	768
PCT7039	TO	RSVot	336
PCT7039	ED	RSVot	111
PCT7039	MV	RSVot	225
PCT7041	TO	RSReg	60
PCT7041	TO	RSVot	24
PCT7041	ED	RSVot	0
PCT7041	MV	RSVot	24
PCT7042	TO	RSReg	632
PCT7042	TO	RSVot	266
PCT7042	ED	RSVot	75
PCT7042	MV	RSVot	191
PCT7043	TO	RSReg	915
PCT7043	TO	RSVot	379
PCT7043	ED	RSVot	97
PCT7043	MV	RSVot	282
PCT7044	TO	RSReg	805
PCT7044	TO	RSVot	211
PCT7044	ED	RSVot	86
PCT7044	MV	RSVot	125
PCT7045	TO	RSReg	763
PCT7045	TO	RSVot	369
PCT7045	ED	RSVot	87
PCT7045	MV	RSVot	282
PCT7046	TO	RSReg	385
PCT7046	TO	RSVot	190
PCT7046	ED	RSVot	54
PCT7046	MV	RSVot	136
PCT7047	TO	RSReg	781
PCT7047	TO	RSVot	366
PCT7047	ED	RSVot	68
PCT7047	MV	RSVot	298
PCT7048	TO	RSReg	815
PCT7048	TO	RSVot	342
PCT7048	ED	RSVot	94
PCT7048	MV	RSVot	248
PCT7049	TO	RSReg	751
PCT7049	TO	RSVot	349
PCT7049	ED	RSVot	108
PCT7049	MV	RSVot	241
PCT7051	TO	RSReg	839
PCT7051	TO	RSVot	372
PCT7051	ED	RSVot	70
PCT7051	MV	RSVot	302
PCT7052	TO	RSReg	806
PCT7052	TO	RSVot	398
PCT7052	ED	RSVot	120
PCT7052	MV	RSVot	278
PCT7053	TO	RSReg	548
PCT7053	TO	RSVot	249
PCT7053	ED	RSVot	44
PCT7053	MV	RSVot	205
PCT7054	TO	RSReg	1024
PCT7054	TO	RSVot	416
PCT7054	ED	RSVot	141
PCT7054	MV	RSVot	275
PCT7055	TO	RSReg	699
PCT7055	TO	RSVot	339
PCT7055	ED	RSVot	83
PCT7055	MV	RSVot	256
PCT7101	TO	RSReg	141
PCT7101	TO	RSVot	85
PCT7101	ED	RSVot	2
PCT7101	MV	RSVot	83
PCT7201	TO	RSReg	900
PCT7201	TO	RSVot	480
PCT7201	ED	RSVot	147
PCT7201	MV	RSVot	333
PCT7202	TO	RSReg	830
PCT7202	TO	RSVot	409
PCT7202	ED	RSVot	138
PCT7202	MV	RSVot	271
PCT7203	TO	RSReg	867
PCT7203	TO	RSVot	417
PCT7203	ED	RSVot	174
PCT7203	MV	RSVot	243
PCT7204	TO	RSReg	888
PCT7204	TO	RSVot	497
PCT7204	ED	RSVot	157
PCT7204	MV	RSVot	340
PCT7205	TO	RSReg	847
PCT7205	TO	RSVot	492
PCT7205	ED	RSVot	183
PCT7205	MV	RSVot	309
PCT7206	TO	RSReg	375
PCT7206	TO	RSVot	212
PCT7206	ED	RSVot	88
PCT7206	MV	RSVot	124
PCT7207	TO	RSReg	744
PCT7207	TO	RSVot	350
PCT7207	ED	RSVot	119
PCT7207	MV	RSVot	231
PCT7208	TO	RSReg	567
PCT7208	TO	RSVot	282
PCT7208	ED	RSVot	76
PCT7208	MV	RSVot	206
PCT7209	TO	RSReg	586
PCT7209	TO	RSVot	395
PCT7209	ED	RSVot	69
PCT7209	MV	RSVot	326
PCT7301	TO	RSReg	1002
PCT7301	TO	RSVot	449
PCT7301	ED	RSVot	150
PCT7301	MV	RSVot	299
PCT7302	TO	RSReg	806
PCT7302	TO	RSVot	473
PCT7302	ED	RSVot	121
PCT7302	MV	RSVot	352
PCT7303	TO	RSReg	986
PCT7303	TO	RSVot	485
PCT7303	ED	RSVot	167
PCT7303	MV	RSVot	318
PCT7304	TO	RSReg	972
PCT7304	TO	RSVot	533
PCT7304	ED	RSVot	203
PCT7304	MV	RSVot	330
PCT7305	TO	RSReg	851
PCT7305	TO	RSVot	477
PCT7305	ED	RSVot	171
PCT7305	MV	RSVot	306
PCT7306	TO	RSReg	1014
PCT7306	TO	RSVot	481
PCT7306	ED	RSVot	179
PCT7306	MV	RSVot	302
PCT7307	TO	RSReg	726
PCT7307	TO	RSVot	369
PCT7307	ED	RSVot	143
PCT7307	MV	RSVot	226
PCT7308	TO	RSReg	598
PCT7308	TO	RSVot	337
PCT7308	ED	RSVot	133
PCT7308	MV	RSVot	204
PCT7309	TO	RSReg	826
PCT7309	TO	RSVot	369
PCT7309	ED	RSVot	160
PCT7309	MV	RSVot	209
PCT7311	TO	RSReg	901
PCT7311	TO	RSVot	441
PCT7311	ED	RSVot	175
PCT7311	MV	RSVot	266
PCT7312	TO	RSReg	810
PCT7312	TO	RSVot	460
PCT7312	ED	RSVot	128
PCT7312	MV	RSVot	332
PCT7313	TO	RSReg	925
PCT7313	TO	RSVot	450
PCT7313	ED	RSVot	135
PCT7313	MV	RSVot	315
PCT7314	TO	RSReg	760
PCT7314	TO	RSVot	305
PCT7314	ED	RSVot	92
PCT7314	MV	RSVot	213
PCT7315	TO	RSReg	725
PCT7315	TO	RSVot	297
PCT7315	ED	RSVot	119
PCT7315	MV	RSVot	178
PCT7316	TO	RSReg	824
PCT7316	TO	RSVot	388
PCT7316	ED	RSVot	122
PCT7316	MV	RSVot	266
PCT7317	TO	RSReg	886
PCT7317	TO	RSVot	457
PCT7317	ED	RSVot	117
PCT7317	MV	RSVot	340
PCT7318	TO	RSReg	709
PCT7318	TO	RSVot	366
PCT7318	ED	RSVot	123
PCT7318	MV	RSVot	243
PCT7319	TO	RSReg	1035
PCT7319	TO	RSVot	478
PCT7319	ED	RSVot	182
PCT7319	MV	RSVot	296
PCT7321	TO	RSReg	644
PCT7321	TO	RSVot	311
PCT7321	ED	RSVot	100
PCT7321	MV	RSVot	211
PCT7322	TO	RSReg	859
PCT7322	TO	RSVot	364
PCT7322	ED	RSVot	60
PCT7322	MV	RSVot	304
PCT7323	TO	RSReg	881
PCT7323	TO	RSVot	419
PCT7323	ED	RSVot	146
PCT7323	MV	RSVot	273
PCT7324	TO	RSReg	687
PCT7324	TO	RSVot	323
PCT7324	ED	RSVot	125
PCT7324	MV	RSVot	198
PCT7325	TO	RSReg	870
PCT7325	TO	RSVot	426
PCT7325	ED	RSVot	150
PCT7325	MV	RSVot	276
PCT7326	TO	RSReg	853
PCT7326	TO	RSVot	406
PCT7326	ED	RSVot	150
PCT7326	MV	RSVot	256
PCT7327	TO	RSReg	684
PCT7327	TO	RSVot	339
PCT7327	ED	RSVot	62
PCT7327	MV	RSVot	277
PCT7328	TO	RSReg	950
PCT7328	TO	RSVot	461
PCT7328	ED	RSVot	70
PCT7328	MV	RSVot	391
PCT7329	TO	RSReg	610
PCT7329	TO	RSVot	276
PCT7329	ED	RSVot	71
PCT7329	MV	RSVot	205
PCT7331	TO	RSReg	860
PCT7331	TO	RSVot	487
PCT7331	ED	RSVot	130
PCT7331	MV	RSVot	357
PCT7332	TO	RSReg	799
PCT7332	TO	RSVot	363
PCT7332	ED	RSVot	154
PCT7332	MV	RSVot	209
PCT7333	TO	RSReg	974
PCT7333	TO	RSVot	497
PCT7333	ED	RSVot	174
PCT7333	MV	RSVot	323
PCT7334	TO	RSReg	854
PCT7334	TO	RSVot	388
PCT7334	ED	RSVot	113
PCT7334	MV	RSVot	275
PCT7335	TO	RSReg	936
PCT7335	TO	RSVot	498
PCT7335	ED	RSVot	144
PCT7335	MV	RSVot	354
PCT7336	TO	RSReg	920
PCT7336	TO	RSVot	479
PCT7336	ED	RSVot	155
PCT7336	MV	RSVot	324
PCT7337	TO	RSReg	825
PCT7337	TO	RSVot	420
PCT7337	ED	RSVot	115
PCT7337	MV	RSVot	305
PCT7338	TO	RSReg	884
PCT7338	TO	RSVot	464
PCT7338	ED	RSVot	100
PCT7338	MV	RSVot	364
PCT7339	TO	RSReg	618
PCT7339	TO	RSVot	292
PCT7339	ED	RSVot	111
PCT7339	MV	RSVot	181
PCT7341	TO	RSReg	877
PCT7341	TO	RSVot	370
PCT7341	ED	RSVot	124
PCT7341	MV	RSVot	246
PCT7342	TO	RSReg	911
PCT7342	TO	RSVot	485
PCT7342	ED	RSVot	234
PCT7342	MV	RSVot	251
PCT7343	TO	RSReg	707
PCT7343	TO	RSVot	330
PCT7343	ED	RSVot	144
PCT7343	MV	RSVot	186
PCT7344	TO	RSReg	1039
PCT7344	TO	RSVot	513
PCT7344	ED	RSVot	179
PCT7344	MV	RSVot	334
PCT7345	TO	RSReg	1077
PCT7345	TO	RSVot	466
PCT7345	ED	RSVot	183
PCT7345	MV	RSVot	283
PCT7346	TO	RSReg	877
PCT7346	TO	RSVot	389
PCT7346	ED	RSVot	168
PCT7346	MV	RSVot	221
PCT7347	TO	RSReg	968
PCT7347	TO	RSVot	416
PCT7347	ED	RSVot	137
PCT7347	MV	RSVot	279
PCT7348	TO	RSReg	832
PCT7348	TO	RSVot	341
PCT7348	ED	RSVot	139
PCT7348	MV	RSVot	202
PCT7349	TO	RSReg	921
PCT7349	TO	RSVot	429
PCT7349	ED	RSVot	147
PCT7349	MV	RSVot	282
PCT7501	TO	RSReg	554
PCT7501	TO	RSVot	286
PCT7501	ED	RSVot	118
PCT7501	MV	RSVot	168
PCT7502	TO	RSReg	741
PCT7502	TO	RSVot	462
PCT7502	ED	RSVot	113
PCT7502	MV	RSVot	349
PCT7503	TO	RSReg	727
PCT7503	TO	RSVot	358
PCT7503	ED	RSVot	132
PCT7503	MV	RSVot	226
PCT7504	TO	RSReg	484
PCT7504	TO	RSVot	234
PCT7504	ED	RSVot	76
PCT7504	MV	RSVot	158
PCT7505	TO	RSReg	871
PCT7505	TO	RSVot	548
PCT7505	ED	RSVot	131
PCT7505	MV	RSVot	417
PCT7506	TO	RSReg	920
PCT7506	TO	RSVot	385
PCT7506	ED	RSVot	133
PCT7506	MV	RSVot	252
PCT7507	TO	RSReg	919
PCT7507	TO	RSVot	413
PCT7507	ED	RSVot	158
PCT7507	MV	RSVot	255
PCT7508	TO	RSReg	702
PCT7508	TO	RSVot	446
PCT7508	ED	RSVot	106
PCT7508	MV	RSVot	340
PCT7509	TO	RSReg	909
PCT7509	TO	RSVot	490
PCT7509	ED	RSVot	171
PCT7509	MV	RSVot	319
PCT7512	TO	RSReg	604
PCT7512	TO	RSVot	292
PCT7512	ED	RSVot	96
PCT7512	MV	RSVot	196
PCT7513	TO	RSReg	790
PCT7513	TO	RSVot	350
PCT7513	ED	RSVot	142
PCT7513	MV	RSVot	208
PCT7514	TO	RSReg	863
PCT7514	TO	RSVot	330
PCT7514	ED	RSVot	95
PCT7514	MV	RSVot	235
PCT7515	TO	RSReg	845
PCT7515	TO	RSVot	439
PCT7515	ED	RSVot	150
PCT7515	MV	RSVot	289
PCT7516	TO	RSReg	886
PCT7516	TO	RSVot	523
PCT7516	ED	RSVot	145
PCT7516	MV	RSVot	378
PCT7517	TO	RSReg	863
PCT7517	TO	RSVot	479
PCT7517	ED	RSVot	228
PCT7517	MV	RSVot	251
PCT7518	TO	RSReg	939
PCT7518	TO	RSVot	533
PCT7518	ED	RSVot	235
PCT7518	MV	RSVot	298
PCT7519	TO	RSReg	726
PCT7519	TO	RSVot	364
PCT7519	ED	RSVot	179
PCT7519	MV	RSVot	185
PCT7521	TO	RSReg	802
PCT7521	TO	RSVot	426
PCT7521	ED	RSVot	211
PCT7521	MV	RSVot	215
PCT7522	TO	RSReg	743
PCT7522	TO	RSVot	415
PCT7522	ED	RSVot	175
PCT7522	MV	RSVot	240
PCT7523	TO	RSReg	737
PCT7523	TO	RSVot	431
PCT7523	ED	RSVot	208
PCT7523	MV	RSVot	223
PCT7524	TO	RSReg	646
PCT7524	TO	RSVot	308
PCT7524	ED	RSVot	143
PCT7524	MV	RSVot	165
PCT7525	TO	RSReg	779
PCT7525	TO	RSVot	359
PCT7525	ED	RSVot	145
PCT7525	MV	RSVot	214
PCT7526	TO	RSReg	947
PCT7526	TO	RSVot	510
PCT7526	ED	RSVot	197
PCT7526	MV	RSVot	313
PCT7527	TO	RSReg	729
PCT7527	TO	RSVot	399
PCT7527	ED	RSVot	162
PCT7527	MV	RSVot	237
PCT7529	TO	RSReg	925
PCT7529	TO	RSVot	514
PCT7529	ED	RSVot	214
PCT7529	MV	RSVot	300
PCT7531	TO	RSReg	847
PCT7531	TO	RSVot	442
PCT7531	ED	RSVot	179
PCT7531	MV	RSVot	263
PCT7532	TO	RSReg	823
PCT7532	TO	RSVot	398
PCT7532	ED	RSVot	172
PCT7532	MV	RSVot	226
PCT7533	TO	RSReg	951
PCT7533	TO	RSVot	565
PCT7533	ED	RSVot	268
PCT7533	MV	RSVot	297
PCT7534	TO	RSReg	883
PCT7534	TO	RSVot	481
PCT7534	ED	RSVot	241
PCT7534	MV	RSVot	240
PCT7535	TO	RSReg	743
PCT7535	TO	RSVot	452
PCT7535	ED	RSVot	201
PCT7535	MV	RSVot	251
PCT7536	TO	RSReg	856
PCT7536	TO	RSVot	485
PCT7536	ED	RSVot	206
PCT7536	MV	RSVot	279
PCT7537	TO	RSReg	734
PCT7537	TO	RSVot	412
PCT7537	ED	RSVot	187
PCT7537	MV	RSVot	225
PCT7538	TO	RSReg	757
PCT7538	TO	RSVot	479
PCT7538	ED	RSVot	223
PCT7538	MV	RSVot	256
PCT7539	TO	RSReg	884
PCT7539	TO	RSVot	536
PCT7539	ED	RSVot	250
PCT7539	MV	RSVot	286
PCT7541	TO	RSReg	791
PCT7541	TO	RSVot	460
PCT7541	ED	RSVot	215
PCT7541	MV	RSVot	245
PCT7542	TO	RSReg	787
PCT7542	TO	RSVot	430
PCT7542	ED	RSVot	183
PCT7542	MV	RSVot	247
PCT7543	TO	RSReg	910
PCT7543	TO	RSVot	519
PCT7543	ED	RSVot	187
PCT7543	MV	RSVot	332
PCT7544	TO	RSReg	877
PCT7544	TO	RSVot	517
PCT7544	ED	RSVot	186
PCT7544	MV	RSVot	331
PCT7545	TO	RSReg	877
PCT7545	TO	RSVot	470
PCT7545	ED	RSVot	179
PCT7545	MV	RSVot	291
PCT7546	TO	RSReg	913
PCT7546	TO	RSVot	529
PCT7546	ED	RSVot	219
PCT7546	MV	RSVot	310
PCT7547	TO	RSReg	987
PCT7547	TO	RSVot	566
PCT7547	ED	RSVot	244
PCT7547	MV	RSVot	322
PCT7548	TO	RSReg	1054
PCT7548	TO	RSVot	581
PCT7548	ED	RSVot	236
PCT7548	MV	RSVot	345
PCT7549	TO	RSReg	785
PCT7549	TO	RSVot	446
PCT7549	ED	RSVot	165
PCT7549	MV	RSVot	281
PCT7551	TO	RSReg	705
PCT7551	TO	RSVot	439
PCT7551	ED	RSVot	199
PCT7551	MV	RSVot	240
PCT7552	TO	RSReg	718
PCT7552	TO	RSVot	423
PCT7552	ED	RSVot	191
PCT7552	MV	RSVot	232
PCT7553	TO	RSReg	171
PCT7553	TO	RSVot	92
PCT7553	ED	RSVot	5
PCT7553	MV	RSVot	87
PCT7554	TO	RSReg	785
PCT7554	TO	RSVot	502
PCT7554	ED	RSVot	179
PCT7554	MV	RSVot	323
PCT7555	TO	RSReg	847
PCT7555	TO	RSVot	546
PCT7555	ED	RSVot	242
PCT7555	MV	RSVot	304
PCT7556	TO	RSReg	961
PCT7556	TO	RSVot	645
PCT7556	ED	RSVot	223
PCT7556	MV	RSVot	422
PCT7601	TO	RSReg	744
PCT7601	TO	RSVot	313
PCT7601	ED	RSVot	128
PCT7601	MV	RSVot	185
PCT7602	TO	RSReg	880
PCT7602	TO	RSVot	390
PCT7602	ED	RSVot	147
PCT7602	MV	RSVot	243
PCT7603	TO	RSReg	826
PCT7603	TO	RSVot	367
PCT7603	ED	RSVot	152
PCT7603	MV	RSVot	215
PCT7604	TO	RSReg	906
PCT7604	TO	RSVot	366
PCT7604	ED	RSVot	133
PCT7604	MV	RSVot	233
PCT7605	TO	RSReg	651
PCT7605	TO	RSVot	232
PCT7605	ED	RSVot	77
PCT7605	MV	RSVot	155
PCT7606	TO	RSReg	895
PCT7606	TO	RSVot	339
PCT7606	ED	RSVot	127
PCT7606	MV	RSVot	212
PCT7607	TO	RSReg	955
PCT7607	TO	RSVot	385
PCT7607	ED	RSVot	120
PCT7607	MV	RSVot	265
PCT7608	TO	RSReg	388
PCT7608	TO	RSVot	165
PCT7608	ED	RSVot	46
PCT7608	MV	RSVot	119
PCT7609	TO	RSReg	916
PCT7609	TO	RSVot	398
PCT7609	ED	RSVot	101
PCT7609	MV	RSVot	297
PCT7611	TO	RSReg	756
PCT7611	TO	RSVot	280
PCT7611	ED	RSVot	76
PCT7611	MV	RSVot	204
PCT7612	TO	RSReg	574
PCT7612	TO	RSVot	286
PCT7612	ED	RSVot	76
PCT7612	MV	RSVot	210
PCT7613	TO	RSReg	887
PCT7613	TO	RSVot	355
PCT7613	ED	RSVot	140
PCT7613	MV	RSVot	215
PCT7614	TO	RSReg	1015
PCT7614	TO	RSVot	361
PCT7614	ED	RSVot	123
PCT7614	MV	RSVot	238
PCT7615	TO	RSReg	832
PCT7615	TO	RSVot	278
PCT7615	ED	RSVot	108
PCT7615	MV	RSVot	170
PCT7616	TO	RSReg	951
PCT7616	TO	RSVot	460
PCT7616	ED	RSVot	129
PCT7616	MV	RSVot	331
PCT7617	TO	RSReg	751
PCT7617	TO	RSVot	307
PCT7617	ED	RSVot	84
PCT7617	MV	RSVot	223
PCT7618	TO	RSReg	866
PCT7618	TO	RSVot	395
PCT7618	ED	RSVot	123
PCT7618	MV	RSVot	272
PCT7619	TO	RSReg	993
PCT7619	TO	RSVot	462
PCT7619	ED	RSVot	154
PCT7619	MV	RSVot	308
PCT7621	TO	RSReg	1132
PCT7621	TO	RSVot	509
PCT7621	ED	RSVot	163
PCT7621	MV	RSVot	346
PCT7622	TO	RSReg	964
PCT7622	TO	RSVot	292
PCT7622	ED	RSVot	99
PCT7622	MV	RSVot	193
PCT7623	TO	RSReg	712
PCT7623	TO	RSVot	318
PCT7623	ED	RSVot	122
PCT7623	MV	RSVot	196
PCT7624	TO	RSReg	905
PCT7624	TO	RSVot	299
PCT7624	ED	RSVot	104
PCT7624	MV	RSVot	195
PCT7625	TO	RSReg	821
PCT7625	TO	RSVot	488
PCT7625	ED	RSVot	73
PCT7625	MV	RSVot	415
PCT7626	TO	RSReg	1081
PCT7626	TO	RSVot	489
PCT7626	ED	RSVot	128
PCT7626	MV	RSVot	361
PCT7627	TO	RSReg	1075
PCT7627	TO	RSVot	435
PCT7627	ED	RSVot	116
PCT7627	MV	RSVot	319
PCT7628	TO	RSReg	906
PCT7628	TO	RSVot	423
PCT7628	ED	RSVot	156
PCT7628	MV	RSVot	267
PCT7629	TO	RSReg	805
PCT7629	TO	RSVot	314
PCT7629	ED	RSVot	108
PCT7629	MV	RSVot	206
PCT7631	TO	RSReg	1085
PCT7631	TO	RSVot	485
PCT7631	ED	RSVot	146
PCT7631	MV	RSVot	339
PCT7632	TO	RSReg	965
PCT7632	TO	RSVot	453
PCT7632	ED	RSVot	167
PCT7632	MV	RSVot	286
PCT7633	TO	RSReg	702
PCT7633	TO	RSVot	343
PCT7633	ED	RSVot	90
PCT7633	MV	RSVot	253
PCT7634	TO	RSReg	859
PCT7634	TO	RSVot	411
PCT7634	ED	RSVot	120
PCT7634	MV	RSVot	291
PCT7635	TO	RSReg	782
PCT7635	TO	RSVot	331
PCT7635	ED	RSVot	89
PCT7635	MV	RSVot	242
PCT7636	TO	RSReg	920
PCT7636	TO	RSVot	385
PCT7636	ED	RSVot	134
PCT7636	MV	RSVot	251
PCT7637	TO	RSReg	732
PCT7637	TO	RSVot	338
PCT7637	ED	RSVot	89
PCT7637	MV	RSVot	249
PCT7638	TO	RSReg	1365
PCT7638	TO	RSVot	621
PCT7638	ED	RSVot	129
PCT7638	MV	RSVot	492
PCT7639	TO	RSReg	962
PCT7639	TO	RSVot	429
PCT7639	ED	RSVot	110
PCT7639	MV	RSVot	319
PCT7641	TO	RSReg	931
PCT7641	TO	RSVot	488
PCT7641	ED	RSVot	114
PCT7641	MV	RSVot	374
PCT7642	TO	RSReg	909
PCT7642	TO	RSVot	352
PCT7642	ED	RSVot	84
PCT7642	MV	RSVot	268
PCT7643	TO	RSReg	871
PCT7643	TO	RSVot	454
PCT7643	ED	RSVot	99
PCT7643	MV	RSVot	355
PCT7644	TO	RSReg	1082
PCT7644	TO	RSVot	447
PCT7644	ED	RSVot	156
PCT7644	MV	RSVot	291
PCT7645	TO	RSReg	631
PCT7645	TO	RSVot	304
PCT7645	ED	RSVot	63
PCT7645	MV	RSVot	241
PCT7646	TO	RSReg	1035
PCT7646	TO	RSVot	436
PCT7646	ED	RSVot	110
PCT7646	MV	RSVot	326
PCT7647	TO	RSReg	1027
PCT7647	TO	RSVot	292
PCT7647	ED	RSVot	107
PCT7647	MV	RSVot	185
PCT7648	TO	RSReg	2
PCT7648	TO	RSVot	0
PCT7648	ED	RSVot	0
PCT7648	MV	RSVot	0
PCT7649	TO	RSReg	877
PCT7649	TO	RSVot	331
PCT7649	ED	RSVot	97
PCT7649	MV	RSVot	234
PCT7651	TO	RSReg	555
PCT7651	TO	RSVot	203
PCT7651	ED	RSVot	48
PCT7651	MV	RSVot	155
PCT7652	TO	RSReg	580
PCT7652	TO	RSVot	231
PCT7652	ED	RSVot	68
PCT7652	MV	RSVot	163
PCT7653	TO	RSReg	1092
PCT7653	TO	RSVot	458
PCT7653	ED	RSVot	137
PCT7653	MV	RSVot	321
PCT7701	TO	RSReg	1012
PCT7701	TO	RSVot	608
PCT7701	ED	RSVot	225
PCT7701	MV	RSVot	383
PCT7702	TO	RSReg	704
PCT7702	TO	RSVot	419
PCT7702	ED	RSVot	117
PCT7702	MV	RSVot	302
PCT7703	TO	RSReg	172
PCT7703	TO	RSVot	66
PCT7703	ED	RSVot	0
PCT7703	MV	RSVot	66
PCT7704	TO	RSReg	977
PCT7704	TO	RSVot	604
PCT7704	ED	RSVot	208
PCT7704	MV	RSVot	396
PCT7705	TO	RSReg	547
PCT7705	TO	RSVot	350
PCT7705	ED	RSVot	123
PCT7705	MV	RSVot	227
PCT7706	TO	RSReg	821
PCT7706	TO	RSVot	530
PCT7706	ED	RSVot	189
PCT7706	MV	RSVot	341
PCT7707	TO	RSReg	839
PCT7707	TO	RSVot	579
PCT7707	ED	RSVot	200
PCT7707	MV	RSVot	379
PCT7708	TO	RSReg	860
PCT7708	TO	RSVot	581
PCT7708	ED	RSVot	181
PCT7708	MV	RSVot	400
PCT7709	TO	RSReg	383
PCT7709	TO	RSVot	259
PCT7709	ED	RSVot	85
PCT7709	MV	RSVot	174
PCT7711	TO	RSReg	772
PCT7711	TO	RSVot	506
PCT7711	ED	RSVot	162
PCT7711	MV	RSVot	344
PCT7712	TO	RSReg	524
PCT7712	TO	RSVot	361
PCT7712	ED	RSVot	131
PCT7712	MV	RSVot	230
PCT7801	TO	RSReg	970
PCT7801	TO	RSVot	654
PCT7801	ED	RSVot	230
PCT7801	MV	RSVot	424
PCT7802	TO	RSReg	762
PCT7802	TO	RSVot	518
PCT7802	ED	RSVot	205
PCT7802	MV	RSVot	313
PCT7803	TO	RSReg	823
PCT7803	TO	RSVot	555
PCT7803	ED	RSVot	143
PCT7803	MV	RSVot	412
PCT7804	TO	RSReg	891
PCT7804	TO	RSVot	630
PCT7804	ED	RSVot	236
PCT7804	MV	RSVot	394
PCT7805	TO	RSReg	785
PCT7805	TO	RSVot	524
PCT7805	ED	RSVot	176
PCT7805	MV	RSVot	348
PCT7806	TO	RSReg	699
PCT7806	TO	RSVot	446
PCT7806	ED	RSVot	163
PCT7806	MV	RSVot	283
PCT7807	TO	RSReg	796
PCT7807	TO	RSVot	501
PCT7807	ED	RSVot	228
PCT7807	MV	RSVot	273
PCT7808	TO	RSReg	655
PCT7808	TO	RSVot	421
PCT7808	ED	RSVot	178
PCT7808	MV	RSVot	243
PCT7809	TO	RSReg	742
PCT7809	TO	RSVot	427
PCT7809	ED	RSVot	160
PCT7809	MV	RSVot	267
PCT7811	TO	RSReg	726
PCT7811	TO	RSVot	429
PCT7811	ED	RSVot	186
PCT7811	MV	RSVot	243
PCT7812	TO	RSReg	843
PCT7812	TO	RSVot	499
PCT7812	ED	RSVot	207
PCT7812	MV	RSVot	292
PCT7813	TO	RSReg	988
PCT7813	TO	RSVot	613
PCT7813	ED	RSVot	251
PCT7813	MV	RSVot	362
PCT7814	TO	RSReg	892
PCT7814	TO	RSVot	396
PCT7814	ED	RSVot	173
PCT7814	MV	RSVot	223
PCT7815	TO	RSReg	914
PCT7815	TO	RSVot	585
PCT7815	ED	RSVot	178
PCT7815	MV	RSVot	407
PCT7816	TO	RSReg	858
PCT7816	TO	RSVot	592
PCT7816	ED	RSVot	202
PCT7816	MV	RSVot	390
PCT7817	TO	RSReg	795
PCT7817	TO	RSVot	524
PCT7817	ED	RSVot	215
PCT7817	MV	RSVot	309
PCT7818	TO	RSReg	823
PCT7818	TO	RSVot	507
PCT7818	ED	RSVot	172
PCT7818	MV	RSVot	335
PCT7819	TO	RSReg	760
PCT7819	TO	RSVot	466
PCT7819	ED	RSVot	169
PCT7819	MV	RSVot	297
PCT7821	TO	RSReg	947
PCT7821	TO	RSVot	668
PCT7821	ED	RSVot	229
PCT7821	MV	RSVot	439
PCT7822	TO	RSReg	927
PCT7822	TO	RSVot	587
PCT7822	ED	RSVot	244
PCT7822	MV	RSVot	343
PCT7823	TO	RSReg	857
PCT7823	TO	RSVot	584
PCT7823	ED	RSVot	237
PCT7823	MV	RSVot	347
PCT7824	TO	RSReg	756
PCT7824	TO	RSVot	444
PCT7824	ED	RSVot	170
PCT7824	MV	RSVot	274
PCT7825	TO	RSReg	580
PCT7825	TO	RSVot	375
PCT7825	ED	RSVot	160
PCT7825	MV	RSVot	215
PCT7826	TO	RSReg	665
PCT7826	TO	RSVot	408
PCT7826	ED	RSVot	214
PCT7826	MV	RSVot	194
PCT7827	TO	RSReg	828
PCT7827	TO	RSVot	451
PCT7827	ED	RSVot	199
PCT7827	MV	RSVot	252
PCT7828	TO	RSReg	976
PCT7828	TO	RSVot	602
PCT7828	ED	RSVot	205
PCT7828	MV	RSVot	397
PCT7829	TO	RSReg	882
PCT7829	TO	RSVot	590
PCT7829	ED	RSVot	199
PCT7829	MV	RSVot	391
PCT7831	TO	RSReg	828
PCT7831	TO	RSVot	571
PCT7831	ED	RSVot	202
PCT7831	MV	RSVot	369
PCT7832	TO	RSReg	781
PCT7832	TO	RSVot	505
PCT7832	ED	RSVot	162
PCT7832	MV	RSVot	343
PCT7833	TO	RSReg	745
PCT7833	TO	RSVot	453
PCT7833	ED	RSVot	182
PCT7833	MV	RSVot	271
PCT7834	TO	RSReg	836
PCT7834	TO	RSVot	513
PCT7834	ED	RSVot	225
PCT7834	MV	RSVot	288
PCT7835	TO	RSReg	808
PCT7835	TO	RSVot	513
PCT7835	ED	RSVot	175
PCT7835	MV	RSVot	338
PCT7836	TO	RSReg	979
PCT7836	TO	RSVot	620
PCT7836	ED	RSVot	199
PCT7836	MV	RSVot	421
PCT7837	TO	RSReg	883
PCT7837	TO	RSVot	576
PCT7837	ED	RSVot	237
PCT7837	MV	RSVot	339
PCT7838	TO	RSReg	891
PCT7838	TO	RSVot	623
PCT7838	ED	RSVot	210
PCT7838	MV	RSVot	413
PCT7839	TO	RSReg	830
PCT7839	TO	RSVot	561
PCT7839	ED	RSVot	172
PCT7839	MV	RSVot	389
PCT7841	TO	RSReg	898
PCT7841	TO	RSVot	593
PCT7841	ED	RSVot	240
PCT7841	MV	RSVot	353
PCT7842	TO	RSReg	873
PCT7842	TO	RSVot	522
PCT7842	ED	RSVot	214
PCT7842	MV	RSVot	308
PCT7843	TO	RSReg	751
PCT7843	TO	RSVot	449
PCT7843	ED	RSVot	182
PCT7843	MV	RSVot	267
PCT7844	TO	RSReg	635
PCT7844	TO	RSVot	405
PCT7844	ED	RSVot	160
PCT7844	MV	RSVot	245
PCT7845	TO	RSReg	803
PCT7845	TO	RSVot	516
PCT7845	ED	RSVot	202
PCT7845	MV	RSVot	314
PCT7846	TO	RSReg	871
PCT7846	TO	RSVot	551
PCT7846	ED	RSVot	221
PCT7846	MV	RSVot	330
PCT7847	TO	RSReg	878
PCT7847	TO	RSVot	565
PCT7847	ED	RSVot	207
PCT7847	MV	RSVot	358
PCT7848	TO	RSReg	838
PCT7848	TO	RSVot	555
PCT7848	ED	RSVot	209
PCT7848	MV	RSVot	346
PCT7849	TO	RSReg	904
PCT7849	TO	RSVot	590
PCT7849	ED	RSVot	237
PCT7849	MV	RSVot	353
PCT7851	TO	RSReg	493
PCT7851	TO	RSVot	322
PCT7851	ED	RSVot	118
PCT7851	MV	RSVot	204
PCT7852	TO	RSReg	634
PCT7852	TO	RSVot	407
PCT7852	ED	RSVot	104
PCT7852	MV	RSVot	303
PCT7853	TO	RSReg	837
PCT7853	TO	RSVot	513
PCT7853	ED	RSVot	180
PCT7853	MV	RSVot	333
PCT7854	TO	RSReg	874
PCT7854	TO	RSVot	562
PCT7854	ED	RSVot	216
PCT7854	MV	RSVot	346
PCT7855	TO	RSReg	949
PCT7855	TO	RSVot	618
PCT7855	ED	RSVot	259
PCT7855	MV	RSVot	359
PCT7856	TO	RSReg	790
PCT7856	TO	RSVot	516
PCT7856	ED	RSVot	204
PCT7856	MV	RSVot	312
PCT7857	TO	RSReg	913
PCT7857	TO	RSVot	576
PCT7857	ED	RSVot	226
PCT7857	MV	RSVot	350
PCT7858	TO	RSReg	743
PCT7858	TO	RSVot	444
PCT7858	ED	RSVot	192
PCT7858	MV	RSVot	252
PCT7859	TO	RSReg	879
PCT7859	TO	RSVot	571
PCT7859	ED	RSVot	219
PCT7859	MV	RSVot	352
PCT7861	TO	RSReg	835
PCT7861	TO	RSVot	551
PCT7861	ED	RSVot	184
PCT7861	MV	RSVot	367
PCT7862	TO	RSReg	850
PCT7862	TO	RSVot	560
PCT7862	ED	RSVot	237
PCT7862	MV	RSVot	323
PCT7863	TO	RSReg	870
PCT7863	TO	RSVot	539
PCT7863	ED	RSVot	237
PCT7863	MV	RSVot	302
PCT7864	TO	RSReg	773
PCT7864	TO	RSVot	472
PCT7864	ED	RSVot	188
PCT7864	MV	RSVot	284
PCT7865	TO	RSReg	808
PCT7865	TO	RSVot	488
PCT7865	ED	RSVot	178
PCT7865	MV	RSVot	310
PCT7866	TO	RSReg	816
PCT7866	TO	RSVot	573
PCT7866	ED	RSVot	184
PCT7866	MV	RSVot	389
PCT7867	TO	RSReg	932
PCT7867	TO	RSVot	594
PCT7867	ED	RSVot	209
PCT7867	MV	RSVot	385
PCT7868	TO	RSReg	860
PCT7868	TO	RSVot	542
PCT7868	ED	RSVot	218
PCT7868	MV	RSVot	324
PCT7869	TO	RSReg	842
PCT7869	TO	RSVot	595
PCT7869	ED	RSVot	219
PCT7869	MV	RSVot	376
PCT7871	TO	RSReg	882
PCT7871	TO	RSVot	604
PCT7871	ED	RSVot	240
PCT7871	MV	RSVot	364
PCT7872	TO	RSReg	864
PCT7872	TO	RSVot	611
PCT7872	ED	RSVot	242
PCT7872	MV	RSVot	369
PCT7873	TO	RSReg	841
PCT7873	TO	RSVot	618
PCT7873	ED	RSVot	231
PCT7873	MV	RSVot	387
PCT7874	TO	RSReg	453
PCT7874	TO	RSVot	259
PCT7874	ED	RSVot	85
PCT7874	MV	RSVot	174
PCT7875	TO	RSReg	615
PCT7875	TO	RSVot	330
PCT7875	ED	RSVot	127
PCT7875	MV	RSVot	203
PCT7876	TO	RSReg	491
PCT7876	TO	RSVot	249
PCT7876	ED	RSVot	101
PCT7876	MV	RSVot	148
PCT7901	TO	RSReg	466
PCT7901	TO	RSVot	220
PCT7901	ED	RSVot	87
PCT7901	MV	RSVot	133
PCT7902	TO	RSReg	921
PCT7902	TO	RSVot	447
PCT7902	ED	RSVot	188
PCT7902	MV	RSVot	259
PCT7903	TO	RSReg	819
PCT7903	TO	RSVot	388
PCT7903	ED	RSVot	144
PCT7903	MV	RSVot	244
PCT7904	TO	RSReg	846
PCT7904	TO	RSVot	385
PCT7904	ED	RSVot	137
PCT7904	MV	RSVot	248
PCT7905	TO	RSReg	821
PCT7905	TO	RSVot	474
PCT7905	ED	RSVot	199
PCT7905	MV	RSVot	275
PCT7906	TO	RSReg	769
PCT7906	TO	RSVot	378
PCT7906	ED	RSVot	164
PCT7906	MV	RSVot	214
PCT7907	TO	RSReg	926
PCT7907	TO	RSVot	487
PCT7907	ED	RSVot	201
PCT7907	MV	RSVot	286
PCT7908	TO	RSReg	936
PCT7908	TO	RSVot	458
PCT7908	ED	RSVot	191
PCT7908	MV	RSVot	267
PCT7909	TO	RSReg	726
PCT7909	TO	RSVot	411
PCT7909	ED	RSVot	190
PCT7909	MV	RSVot	221
PCT7911	TO	RSReg	849
PCT7911	TO	RSVot	442
PCT7911	ED	RSVot	192
PCT7911	MV	RSVot	250
PCT7912	TO	RSReg	1036
PCT7912	TO	RSVot	529
PCT7912	ED	RSVot	215
PCT7912	MV	RSVot	314
PCT7913	TO	RSReg	887
PCT7913	TO	RSVot	484
PCT7913	ED	RSVot	240
PCT7913	MV	RSVot	244
PCT7914	TO	RSReg	833
PCT7914	TO	RSVot	461
PCT7914	ED	RSVot	208
PCT7914	MV	RSVot	253
PCT7915	TO	RSReg	802
PCT7915	TO	RSVot	435
PCT7915	ED	RSVot	213
PCT7915	MV	RSVot	222
PCT7916	TO	RSReg	887
PCT7916	TO	RSVot	504
PCT7916	ED	RSVot	215
PCT7916	MV	RSVot	289
PCT7917	TO	RSReg	983
PCT7917	TO	RSVot	541
PCT7917	ED	RSVot	254
PCT7917	MV	RSVot	287
PCT7918	TO	RSReg	790
PCT7918	TO	RSVot	425
PCT7918	ED	RSVot	191
PCT7918	MV	RSVot	234
PCT7919	TO	RSReg	857
PCT7919	TO	RSVot	458
PCT7919	ED	RSVot	217
PCT7919	MV	RSVot	241
PCT7921	TO	RSReg	883
PCT7921	TO	RSVot	361
PCT7921	ED	RSVot	151
PCT7921	MV	RSVot	210
PCT7922	TO	RSReg	797
PCT7922	TO	RSVot	423
PCT7922	ED	RSVot	182
PCT7922	MV	RSVot	241
PCT7923	TO	RSReg	863
PCT7923	TO	RSVot	443
PCT7923	ED	RSVot	202
PCT7923	MV	RSVot	241
PCT7924	TO	RSReg	806
PCT7924	TO	RSVot	419
PCT7924	ED	RSVot	172
PCT7924	MV	RSVot	247
PCT7925	TO	RSReg	570
PCT7925	TO	RSVot	305
PCT7925	ED	RSVot	114
PCT7925	MV	RSVot	191
PCT7926	TO	RSReg	768
PCT7926	TO	RSVot	473
PCT7926	ED	RSVot	177
PCT7926	MV	RSVot	296
PCT7927	TO	RSReg	733
PCT7927	TO	RSVot	476
PCT7927	ED	RSVot	187
PCT7927	MV	RSVot	289
PCT7928	TO	RSReg	899
PCT7928	TO	RSVot	550
PCT7928	ED	RSVot	253
PCT7928	MV	RSVot	297
PCT7929	TO	RSReg	840
PCT7929	TO	RSVot	567
PCT7929	ED	RSVot	200
PCT7929	MV	RSVot	367
PCT7931	TO	RSReg	732
PCT7931	TO	RSVot	506
PCT7931	ED	RSVot	189
PCT7931	MV	RSVot	317
PCT7932	TO	RSReg	551
PCT7932	TO	RSVot	337
PCT7932	ED	RSVot	112
PCT7932	MV	RSVot	225
PCT7933	TO	RSReg	8
PCT7933	TO	RSVot	4
PCT7933	ED	RSVot	0
PCT7933	MV	RSVot	4
PCT7934	TO	RSReg	885
PCT7934	TO	RSVot	523
PCT7934	ED	RSVot	195
PCT7934	MV	RSVot	328
PCT7935	TO	RSReg	938
PCT7935	TO	RSVot	653
PCT7935	ED	RSVot	283
PCT7935	MV	RSVot	370
PCT7936	TO	RSReg	832
PCT7936	TO	RSVot	572
PCT7936	ED	RSVot	246
PCT7936	MV	RSVot	326
PCT7937	TO	RSReg	874
PCT7937	TO	RSVot	532
PCT7937	ED	RSVot	223
PCT7937	MV	RSVot	309
PCT7938	TO	RSReg	774
PCT7938	TO	RSVot	409
PCT7938	ED	RSVot	162
PCT7938	MV	RSVot	247
PCT7939	TO	RSReg	667
PCT7939	TO	RSVot	416
PCT7939	ED	RSVot	186
PCT7939	MV	RSVot	230
PCT7941	TO	RSReg	728
PCT7941	TO	RSVot	403
PCT7941	ED	RSVot	167
PCT7941	MV	RSVot	236
PCT7942	TO	RSReg	893
PCT7942	TO	RSVot	452
PCT7942	ED	RSVot	166
PCT7942	MV	RSVot	286
PCT7943	TO	RSReg	887
PCT7943	TO	RSVot	511
PCT7943	ED	RSVot	192
PCT7943	MV	RSVot	319
PCT7944	TO	RSReg	769
PCT7944	TO	RSVot	436
PCT7944	ED	RSVot	201
PCT7944	MV	RSVot	235
PCT7945	TO	RSReg	897
PCT7945	TO	RSVot	412
PCT7945	ED	RSVot	118
PCT7945	MV	RSVot	294
PCT7946	TO	RSReg	909
PCT7946	TO	RSVot	482
PCT7946	ED	RSVot	134
PCT7946	MV	RSVot	348
PCT7947	TO	RSReg	894
PCT7947	TO	RSVot	455
PCT7947	ED	RSVot	128
PCT7947	MV	RSVot	327
PCT7948	TO	RSReg	900
PCT7948	TO	RSVot	478
PCT7948	ED	RSVot	165
PCT7948	MV	RSVot	313
PCT7949	TO	RSReg	552
PCT7949	TO	RSVot	302
PCT7949	ED	RSVot	78
PCT7949	MV	RSVot	224
PCT7951	TO	RSReg	830
PCT7951	TO	RSVot	438
PCT7951	ED	RSVot	97
PCT7951	MV	RSVot	341
PCT7952	TO	RSReg	823
PCT7952	TO	RSVot	388
PCT7952	ED	RSVot	100
PCT7952	MV	RSVot	288
PCT7953	TO	RSReg	795
PCT7953	TO	RSVot	397
PCT7953	ED	RSVot	103
PCT7953	MV	RSVot	294
PCT7954	TO	RSReg	0
PCT7954	TO	RSVot	0
PCT7954	ED	RSVot	0
PCT7954	MV	RSVot	0
PCT7955	TO	RSReg	854
PCT7955	TO	RSVot	436
PCT7955	ED	RSVot	116
PCT7955	MV	RSVot	320
PCT7956	TO	RSReg	779
PCT7956	TO	RSVot	348
PCT7956	ED	RSVot	101
PCT7956	MV	RSVot	247
PCT7957	TO	RSReg	623
PCT7957	TO	RSVot	314
PCT7957	ED	RSVot	97
PCT7957	MV	RSVot	217
PCT7958	TO	RSReg	263
PCT7958	TO	RSVot	117
PCT7958	ED	RSVot	13
PCT7958	MV	RSVot	104
PCT7959	TO	RSReg	695
PCT7959	TO	RSVot	300
PCT7959	ED	RSVot	110
PCT7959	MV	RSVot	190
PCT9001	TO	RSReg	257
PCT9001	TO	RSVot	109
PCT9001	ED	RSVot	8
PCT9001	MV	RSVot	101
PCT9101	TO	RSReg	833
PCT9101	TO	RSVot	513
PCT9101	ED	RSVot	190
PCT9101	MV	RSVot	323
PCT9102	TO	RSReg	950
PCT9102	TO	RSVot	517
PCT9102	ED	RSVot	182
PCT9102	MV	RSVot	335
PCT9103	TO	RSReg	924
PCT9103	TO	RSVot	476
PCT9103	ED	RSVot	174
PCT9103	MV	RSVot	302
PCT9104	TO	RSReg	937
PCT9104	TO	RSVot	508
PCT9104	ED	RSVot	176
PCT9104	MV	RSVot	332
PCT9105	TO	RSReg	888
PCT9105	TO	RSVot	530
PCT9105	ED	RSVot	191
PCT9105	MV	RSVot	339
PCT9106	TO	RSReg	907
PCT9106	TO	RSVot	547
PCT9106	ED	RSVot	213
PCT9106	MV	RSVot	334
PCT9107	TO	RSReg	806
PCT9107	TO	RSVot	410
PCT9107	ED	RSVot	164
PCT9107	MV	RSVot	246
PCT9108	TO	RSReg	761
PCT9108	TO	RSVot	405
PCT9108	ED	RSVot	185
PCT9108	MV	RSVot	220
PCT9109	TO	RSReg	848
PCT9109	TO	RSVot	490
PCT9109	ED	RSVot	205
PCT9109	MV	RSVot	285
PCT9111	TO	RSReg	756
PCT9111	TO	RSVot	376
PCT9111	ED	RSVot	150
PCT9111	MV	RSVot	226
PCT9112	TO	RSReg	918
PCT9112	TO	RSVot	506
PCT9112	ED	RSVot	211
PCT9112	MV	RSVot	295
PCT9113	TO	RSReg	959
PCT9113	TO	RSVot	582
PCT9113	ED	RSVot	231
PCT9113	MV	RSVot	351
PCT9114	TO	RSReg	820
PCT9114	TO	RSVot	443
PCT9114	ED	RSVot	170
PCT9114	MV	RSVot	273
PCT9115	TO	RSReg	873
PCT9115	TO	RSVot	459
PCT9115	ED	RSVot	172
PCT9115	MV	RSVot	287
PCT9116	TO	RSReg	903
PCT9116	TO	RSVot	507
PCT9116	ED	RSVot	193
PCT9116	MV	RSVot	314
PCT9117	TO	RSReg	756
PCT9117	TO	RSVot	465
PCT9117	ED	RSVot	180
PCT9117	MV	RSVot	285
PCT9118	TO	RSReg	923
PCT9118	TO	RSVot	452
PCT9118	ED	RSVot	184
PCT9118	MV	RSVot	268
PCT9119	TO	RSReg	856
PCT9119	TO	RSVot	475
PCT9119	ED	RSVot	152
PCT9119	MV	RSVot	323
PCT9121	TO	RSReg	890
PCT9121	TO	RSVot	462
PCT9121	ED	RSVot	188
PCT9121	MV	RSVot	274
PCT9122	TO	RSReg	913
PCT9122	TO	RSVot	423
PCT9122	ED	RSVot	131
PCT9122	MV	RSVot	292
PCT9123	TO	RSReg	829
PCT9123	TO	RSVot	445
PCT9123	ED	RSVot	175
PCT9123	MV	RSVot	270
PCT9124	TO	RSReg	832
PCT9124	TO	RSVot	440
PCT9124	ED	RSVot	150
PCT9124	MV	RSVot	290
PCT9125	TO	RSReg	822
PCT9125	TO	RSVot	458
PCT9125	ED	RSVot	159
PCT9125	MV	RSVot	299
PCT9126	TO	RSReg	945
PCT9126	TO	RSVot	536
PCT9126	ED	RSVot	186
PCT9126	MV	RSVot	350
PCT9127	TO	RSReg	908
PCT9127	TO	RSVot	524
PCT9127	ED	RSVot	209
PCT9127	MV	RSVot	315
PCT9128	TO	RSReg	805
PCT9128	TO	RSVot	484
PCT9128	ED	RSVot	188
PCT9128	MV	RSVot	296
PCT9129	TO	RSReg	713
PCT9129	TO	RSVot	398
PCT9129	ED	RSVot	173
PCT9129	MV	RSVot	225
PCT9131	TO	RSReg	740
PCT9131	TO	RSVot	425
PCT9131	ED	RSVot	151
PCT9131	MV	RSVot	274
PCT9132	TO	RSReg	827
PCT9132	TO	RSVot	418
PCT9132	ED	RSVot	167
PCT9132	MV	RSVot	251
PCT9133	TO	RSReg	1007
PCT9133	TO	RSVot	576
PCT9133	ED	RSVot	188
PCT9133	MV	RSVot	388
PCT9134	TO	RSReg	893
PCT9134	TO	RSVot	429
PCT9134	ED	RSVot	132
PCT9134	MV	RSVot	297
PCT9135	TO	RSReg	778
PCT9135	TO	RSVot	418
PCT9135	ED	RSVot	149
PCT9135	MV	RSVot	269
PCT9136	TO	RSReg	894
PCT9136	TO	RSVot	480
PCT9136	ED	RSVot	191
PCT9136	MV	RSVot	289
PCT9137	TO	RSReg	946
PCT9137	TO	RSVot	524
PCT9137	ED	RSVot	201
PCT9137	MV	RSVot	323
PCT9138	TO	RSReg	892
PCT9138	TO	RSVot	478
PCT9138	ED	RSVot	155
PCT9138	MV	RSVot	323
PCT9139	TO	RSReg	912
PCT9139	TO	RSVot	519
PCT9139	ED	RSVot	163
PCT9139	MV	RSVot	356
PCT9141	TO	RSReg	904
PCT9141	TO	RSVot	496
PCT9141	ED	RSVot	168
PCT9141	MV	RSVot	328
PCT9142	TO	RSReg	921
PCT9142	TO	RSVot	507
PCT9142	ED	RSVot	219
PCT9142	MV	RSVot	288
PCT9143	TO	RSReg	887
PCT9143	TO	RSVot	511
PCT9143	ED	RSVot	196
PCT9143	MV	RSVot	315
PCT9144	TO	RSReg	931
PCT9144	TO	RSVot	543
PCT9144	ED	RSVot	221
PCT9144	MV	RSVot	322
PCT9145	TO	RSReg	837
PCT9145	TO	RSVot	479
PCT9145	ED	RSVot	197
PCT9145	MV	RSVot	282
PCT9146	TO	RSReg	866
PCT9146	TO	RSVot	503
PCT9146	ED	RSVot	206
PCT9146	MV	RSVot	297
PCT9147	TO	RSReg	920
PCT9147	TO	RSVot	545
PCT9147	ED	RSVot	227
PCT9147	MV	RSVot	318
PCT9148	TO	RSReg	946
PCT9148	TO	RSVot	548
PCT9148	ED	RSVot	226
PCT9148	MV	RSVot	322
PCT9149	TO	RSReg	884
PCT9149	TO	RSVot	492
PCT9149	ED	RSVot	196
PCT9149	MV	RSVot	296
PCT9151	TO	RSReg	806
PCT9151	TO	RSVot	419
PCT9151	ED	RSVot	152
PCT9151	MV	RSVot	267
PCT9152	TO	RSReg	712
PCT9152	TO	RSVot	205
PCT9152	ED	RSVot	67
PCT9152	MV	RSVot	138
PCT9201	TO	RSReg	953
PCT9201	TO	RSVot	430
PCT9201	ED	RSVot	201
PCT9201	MV	RSVot	229
PCT9202	TO	RSReg	908
PCT9202	TO	RSVot	402
PCT9202	ED	RSVot	184
PCT9202	MV	RSVot	218
PCT9203	TO	RSReg	968
PCT9203	TO	RSVot	445
PCT9203	ED	RSVot	145
PCT9203	MV	RSVot	300
PCT9204	TO	RSReg	809
PCT9204	TO	RSVot	370
PCT9204	ED	RSVot	147
PCT9204	MV	RSVot	223
PCT9205	TO	RSReg	694
PCT9205	TO	RSVot	314
PCT9205	ED	RSVot	113
PCT9205	MV	RSVot	201
PCT9206	TO	RSReg	887
PCT9206	TO	RSVot	429
PCT9206	ED	RSVot	135
PCT9206	MV	RSVot	294
PCT9207	TO	RSReg	913
PCT9207	TO	RSVot	397
PCT9207	ED	RSVot	148
PCT9207	MV	RSVot	249
PCT9208	TO	RSReg	936
PCT9208	TO	RSVot	387
PCT9208	ED	RSVot	147
PCT9208	MV	RSVot	240
PCT9209	TO	RSReg	675
PCT9209	TO	RSVot	309
PCT9209	ED	RSVot	121
PCT9209	MV	RSVot	188
PCT9211	TO	RSReg	834
PCT9211	TO	RSVot	342
PCT9211	ED	RSVot	130
PCT9211	MV	RSVot	212
PCT9212	TO	RSReg	764
PCT9212	TO	RSVot	326
PCT9212	ED	RSVot	121
PCT9212	MV	RSVot	205
PCT9213	TO	RSReg	890
PCT9213	TO	RSVot	400
PCT9213	ED	RSVot	140
PCT9213	MV	RSVot	260
PCT9214	TO	RSReg	581
PCT9214	TO	RSVot	295
PCT9214	ED	RSVot	92
PCT9214	MV	RSVot	203
PCT9215	TO	RSReg	626
PCT9215	TO	RSVot	300
PCT9215	ED	RSVot	130
PCT9215	MV	RSVot	170
PCT9216	TO	RSReg	798
PCT9216	TO	RSVot	340
PCT9216	ED	RSVot	134
PCT9216	MV	RSVot	206
PCT9217	TO	RSReg	684
PCT9217	TO	RSVot	310
PCT9217	ED	RSVot	123
PCT9217	MV	RSVot	187
PCT9218	TO	RSReg	797
PCT9218	TO	RSVot	344
PCT9218	ED	RSVot	119
PCT9218	MV	RSVot	225
PCT9219	TO	RSReg	733
PCT9219	TO	RSVot	333
PCT9219	ED	RSVot	146
PCT9219	MV	RSVot	187
PCT9221	TO	RSReg	641
PCT9221	TO	RSVot	399
PCT9221	ED	RSVot	121
PCT9221	MV	RSVot	278
PCT9222	TO	RSReg	842
PCT9222	TO	RSVot	407
PCT9222	ED	RSVot	139
PCT9222	MV	RSVot	268
PCT9223	TO	RSReg	606
PCT9223	TO	RSVot	290
PCT9223	ED	RSVot	88
PCT9223	MV	RSVot	202
PCT9224	TO	RSReg	912
PCT9224	TO	RSVot	479
PCT9224	ED	RSVot	171
PCT9224	MV	RSVot	308
PCT9225	TO	RSReg	898
PCT9225	TO	RSVot	404
PCT9225	ED	RSVot	161
PCT9225	MV	RSVot	243
PCT9226	TO	RSReg	905
PCT9226	TO	RSVot	455
PCT9226	ED	RSVot	143
PCT9226	MV	RSVot	312
PCT9227	TO	RSReg	729
PCT9227	TO	RSVot	444
PCT9227	ED	RSVot	140
PCT9227	MV	RSVot	304
PCT9228	TO	RSReg	726
PCT9228	TO	RSVot	452
PCT9228	ED	RSVot	175
PCT9228	MV	RSVot	277
PCT9229	TO	RSReg	596
PCT9229	TO	RSVot	349
PCT9229	ED	RSVot	130
PCT9229	MV	RSVot	219
PCT9231	TO	RSReg	919
PCT9231	TO	RSVot	515
PCT9231	ED	RSVot	221
PCT9231	MV	RSVot	294
PCT9232	TO	RSReg	701
PCT9232	TO	RSVot	425
PCT9232	ED	RSVot	151
PCT9232	MV	RSVot	274
PCT9233	TO	RSReg	774
PCT9233	TO	RSVot	447
PCT9233	ED	RSVot	139
PCT9233	MV	RSVot	308
PCT9234	TO	RSReg	731
PCT9234	TO	RSVot	412
PCT9234	ED	RSVot	131
PCT9234	MV	RSVot	281
PCT9235	TO	RSReg	842
PCT9235	TO	RSVot	472
PCT9235	ED	RSVot	174
PCT9235	MV	RSVot	298
PCT9236	TO	RSReg	658
PCT9236	TO	RSVot	337
PCT9236	ED	RSVot	130
PCT9236	MV	RSVot	207
PCT9237	TO	RSReg	880
PCT9237	TO	RSVot	476
PCT9237	ED	RSVot	145
PCT9237	MV	RSVot	331
PCT9238	TO	RSReg	792
PCT9238	TO	RSVot	401
PCT9238	ED	RSVot	130
PCT9238	MV	RSVot	271
PCT9239	TO	RSReg	835
PCT9239	TO	RSVot	435
PCT9239	ED	RSVot	117
PCT9239	MV	RSVot	318
PCT9241	TO	RSReg	961
PCT9241	TO	RSVot	480
PCT9241	ED	RSVot	158
PCT9241	MV	RSVot	322
PCT9242	TO	RSReg	940
PCT9242	TO	RSVot	454
PCT9242	ED	RSVot	154
PCT9242	MV	RSVot	300
PCT9243	TO	RSReg	572
PCT9243	TO	RSVot	323
PCT9243	ED	RSVot	135
PCT9243	MV	RSVot	188
PCT9244	TO	RSReg	880
PCT9244	TO	RSVot	418
PCT9244	ED	RSVot	149
PCT9244	MV	RSVot	269
PCT9245	TO	RSReg	706
PCT9245	TO	RSVot	354
PCT9245	ED	RSVot	128
PCT9245	MV	RSVot	226
PCT9246	TO	RSReg	910
PCT9246	TO	RSVot	438
PCT9246	ED	RSVot	139
PCT9246	MV	RSVot	299
PCT9247	TO	RSReg	936
PCT9247	TO	RSVot	454
PCT9247	ED	RSVot	151
PCT9247	MV	RSVot	303
PCT9248	TO	RSReg	898
PCT9248	TO	RSVot	463
PCT9248	ED	RSVot	181
PCT9248	MV	RSVot	282
PCT9249	TO	RSReg	910
PCT9249	TO	RSVot	501
PCT9249	ED	RSVot	187
PCT9249	MV	RSVot	314
PCT9251	TO	RSReg	946
PCT9251	TO	RSVot	546
PCT9251	ED	RSVot	204
PCT9251	MV	RSVot	342
PCT9252	TO	RSReg	913
PCT9252	TO	RSVot	492
PCT9252	ED	RSVot	140
PCT9252	MV	RSVot	352
PCT9253	TO	RSReg	751
PCT9253	TO	RSVot	410
PCT9253	ED	RSVot	138
PCT9253	MV	RSVot	272
PCT9254	TO	RSReg	889
PCT9254	TO	RSVot	486
PCT9254	ED	RSVot	168
PCT9254	MV	RSVot	318
PCT9255	TO	RSReg	545
PCT9255	TO	RSVot	254
PCT9255	ED	RSVot	126
PCT9255	MV	RSVot	128
PCT9256	TO	RSReg	433
PCT9256	TO	RSVot	180
PCT9256	ED	RSVot	77
PCT9256	MV	RSVot	103
PCT9257	TO	RSReg	312
PCT9257	TO	RSVot	159
PCT9257	ED	RSVot	9
PCT9257	MV	RSVot	150
PCT9258	TO	RSReg	699
PCT9258	TO	RSVot	371
PCT9258	ED	RSVot	127
PCT9258	MV	RSVot	244
PCT9401	TO	RSReg	970
PCT9401	TO	RSVot	487
PCT9401	ED	RSVot	194
PCT9401	MV	RSVot	293
PCT9402	TO	RSReg	931
PCT9402	TO	RSVot	504
PCT9402	ED	RSVot	197
PCT9402	MV	RSVot	307
PCT9403	TO	RSReg	853
PCT9403	TO	RSVot	453
PCT9403	ED	RSVot	167
PCT9403	MV	RSVot	286
PCT9404	TO	RSReg	889
PCT9404	TO	RSVot	473
PCT9404	ED	RSVot	153
PCT9404	MV	RSVot	320
PCT9405	TO	RSReg	757
PCT9405	TO	RSVot	405
PCT9405	ED	RSVot	160
PCT9405	MV	RSVot	245
PCT9406	TO	RSReg	815
PCT9406	TO	RSVot	456
PCT9406	ED	RSVot	179
PCT9406	MV	RSVot	277
PCT9407	TO	RSReg	861
PCT9407	TO	RSVot	475
PCT9407	ED	RSVot	191
PCT9407	MV	RSVot	284
PCT9408	TO	RSReg	837
PCT9408	TO	RSVot	433
PCT9408	ED	RSVot	187
PCT9408	MV	RSVot	246
PCT9409	TO	RSReg	565
PCT9409	TO	RSVot	310
PCT9409	ED	RSVot	140
PCT9409	MV	RSVot	170
PCT9411	TO	RSReg	936
PCT9411	TO	RSVot	436
PCT9411	ED	RSVot	175
PCT9411	MV	RSVot	261
PCT9412	TO	RSReg	843
PCT9412	TO	RSVot	449
PCT9412	ED	RSVot	164
PCT9412	MV	RSVot	285
PCT9413	TO	RSReg	858
PCT9413	TO	RSVot	482
PCT9413	ED	RSVot	172
PCT9413	MV	RSVot	310
PCT9414	TO	RSReg	862
PCT9414	TO	RSVot	466
PCT9414	ED	RSVot	159
PCT9414	MV	RSVot	307
PCT9415	TO	RSReg	755
PCT9415	TO	RSVot	405
PCT9415	ED	RSVot	121
PCT9415	MV	RSVot	284
PCT9416	TO	RSReg	962
PCT9416	TO	RSVot	514
PCT9416	ED	RSVot	198
PCT9416	MV	RSVot	316
PCT9417	TO	RSReg	714
PCT9417	TO	RSVot	403
PCT9417	ED	RSVot	117
PCT9417	MV	RSVot	286
PCT9418	TO	RSReg	753
PCT9418	TO	RSVot	426
PCT9418	ED	RSVot	157
PCT9418	MV	RSVot	269
PCT9419	TO	RSReg	893
PCT9419	TO	RSVot	493
PCT9419	ED	RSVot	167
PCT9419	MV	RSVot	326
PCT9421	TO	RSReg	878
PCT9421	TO	RSVot	466
PCT9421	ED	RSVot	150
PCT9421	MV	RSVot	316
PCT9422	TO	RSReg	1010
PCT9422	TO	RSVot	558
PCT9422	ED	RSVot	200
PCT9422	MV	RSVot	358
PCT9423	TO	RSReg	853
PCT9423	TO	RSVot	439
PCT9423	ED	RSVot	147
PCT9423	MV	RSVot	292
PCT9424	TO	RSReg	910
PCT9424	TO	RSVot	477
PCT9424	ED	RSVot	146
PCT9424	MV	RSVot	331
PCT9425	TO	RSReg	903
PCT9425	TO	RSVot	449
PCT9425	ED	RSVot	136
PCT9425	MV	RSVot	313
PCT9426	TO	RSReg	801
PCT9426	TO	RSVot	426
PCT9426	ED	RSVot	143
PCT9426	MV	RSVot	283
PCT9427	TO	RSReg	889
PCT9427	TO	RSVot	462
PCT9427	ED	RSVot	129
PCT9427	MV	RSVot	333
PCT9428	TO	RSReg	892
PCT9428	TO	RSVot	468
PCT9428	ED	RSVot	122
PCT9428	MV	RSVot	346
PCT9429	TO	RSReg	866
PCT9429	TO	RSVot	481
PCT9429	ED	RSVot	173
PCT9429	MV	RSVot	308
PCT9431	TO	RSReg	954
PCT9431	TO	RSVot	504
PCT9431	ED	RSVot	152
PCT9431	MV	RSVot	352
PCT9432	TO	RSReg	901
PCT9432	TO	RSVot	462
PCT9432	ED	RSVot	155
PCT9432	MV	RSVot	307
PCT9433	TO	RSReg	912
PCT9433	TO	RSVot	472
PCT9433	ED	RSVot	155
PCT9433	MV	RSVot	317
PCT9434	TO	RSReg	963
PCT9434	TO	RSVot	537
PCT9434	ED	RSVot	188
PCT9434	MV	RSVot	349
PCT9435	TO	RSReg	934
PCT9435	TO	RSVot	515
PCT9435	ED	RSVot	195
PCT9435	MV	RSVot	320
PCT9436	TO	RSReg	941
PCT9436	TO	RSVot	498
PCT9436	ED	RSVot	161
PCT9436	MV	RSVot	337
PCT9437	TO	RSReg	873
PCT9437	TO	RSVot	494
PCT9437	ED	RSVot	170
PCT9437	MV	RSVot	324
PCT9438	TO	RSReg	918
PCT9438	TO	RSVot	465
PCT9438	ED	RSVot	129
PCT9438	MV	RSVot	336
PCT9439	TO	RSReg	827
PCT9439	TO	RSVot	440
PCT9439	ED	RSVot	126
PCT9439	MV	RSVot	314
PCT9441	TO	RSReg	939
PCT9441	TO	RSVot	542
PCT9441	ED	RSVot	205
PCT9441	MV	RSVot	337
PCT9442	TO	RSReg	970
PCT9442	TO	RSVot	525
PCT9442	ED	RSVot	200
PCT9442	MV	RSVot	325
PCT9443	TO	RSReg	886
PCT9443	TO	RSVot	442
PCT9443	ED	RSVot	138
PCT9443	MV	RSVot	304
PCT9444	TO	RSReg	901
PCT9444	TO	RSVot	430
PCT9444	ED	RSVot	118
PCT9444	MV	RSVot	312
PCT9445	TO	RSReg	945
PCT9445	TO	RSVot	496
PCT9445	ED	RSVot	154
PCT9445	MV	RSVot	342
PCT9446	TO	RSReg	1043
PCT9446	TO	RSVot	581
PCT9446	ED	RSVot	164
PCT9446	MV	RSVot	417
PCT9447	TO	RSReg	891
PCT9447	TO	RSVot	498
PCT9447	ED	RSVot	171
PCT9447	MV	RSVot	327
PCT9448	TO	RSReg	877
PCT9448	TO	RSVot	466
PCT9448	ED	RSVot	159
PCT9448	MV	RSVot	307
PCT9449	TO	RSReg	784
PCT9449	TO	RSVot	399
PCT9449	ED	RSVot	97
PCT9449	MV	RSVot	302
PCT9451	TO	RSReg	414
PCT9451	TO	RSVot	211
PCT9451	ED	RSVot	57
PCT9451	MV	RSVot	154
PCT9452	TO	RSReg	799
PCT9452	TO	RSVot	456
PCT9452	ED	RSVot	175
PCT9452	MV	RSVot	281
PCT9453	TO	RSReg	488
PCT9453	TO	RSVot	265
PCT9453	ED	RSVot	90
PCT9453	MV	RSVot	175
PCT9501	TO	RSReg	149
PCT9501	TO	RSVot	76
PCT9501	ED	RSVot	5
PCT9501	MV	RSVot	71
PCT9502	TO	RSReg	233
PCT9502	TO	RSVot	126
PCT9502	ED	RSVot	10
PCT9502	MV	RSVot	116
PCT9503	TO	RSReg	725
PCT9503	TO	RSVot	312
PCT9503	ED	RSVot	128
PCT9503	MV	RSVot	184
PCT9505	TO	RSReg	756
PCT9505	TO	RSVot	421
PCT9505	ED	RSVot	147
PCT9505	MV	RSVot	274
PCT9506	TO	RSReg	771
PCT9506	TO	RSVot	351
PCT9506	ED	RSVot	134
PCT9506	MV	RSVot	217
PCT9507	TO	RSReg	733
PCT9507	TO	RSVot	388
PCT9507	ED	RSVot	170
PCT9507	MV	RSVot	218
PCT9508	TO	RSReg	784
PCT9508	TO	RSVot	438
PCT9508	ED	RSVot	180
PCT9508	MV	RSVot	258
PCT9509	TO	RSReg	719
PCT9509	TO	RSVot	404
PCT9509	ED	RSVot	165
PCT9509	MV	RSVot	239
PCT9511	TO	RSReg	600
PCT9511	TO	RSVot	324
PCT9511	ED	RSVot	147
PCT9511	MV	RSVot	177
PCT9512	TO	RSReg	771
PCT9512	TO	RSVot	412
PCT9512	ED	RSVot	161
PCT9512	MV	RSVot	251
PCT9513	TO	RSReg	864
PCT9513	TO	RSVot	461
PCT9513	ED	RSVot	200
PCT9513	MV	RSVot	261
PCT9514	TO	RSReg	869
PCT9514	TO	RSVot	486
PCT9514	ED	RSVot	229
PCT9514	MV	RSVot	257
PCT9515	TO	RSReg	685
PCT9515	TO	RSVot	402
PCT9515	ED	RSVot	159
PCT9515	MV	RSVot	243
PCT9516	TO	RSReg	864
PCT9516	TO	RSVot	475
PCT9516	ED	RSVot	206
PCT9516	MV	RSVot	269
PCT9517	TO	RSReg	768
PCT9517	TO	RSVot	432
PCT9517	ED	RSVot	197
PCT9517	MV	RSVot	235
PCT9518	TO	RSReg	783
PCT9518	TO	RSVot	422
PCT9518	ED	RSVot	180
PCT9518	MV	RSVot	242
PCT9519	TO	RSReg	850
PCT9519	TO	RSVot	511
PCT9519	ED	RSVot	217
PCT9519	MV	RSVot	294
PCT9521	TO	RSReg	893
PCT9521	TO	RSVot	544
PCT9521	ED	RSVot	254
PCT9521	MV	RSVot	290
PCT9701	TO	RSReg	665
PCT9701	TO	RSVot	391
PCT9701	ED	RSVot	156
PCT9701	MV	RSVot	235
PCT9702	TO	RSReg	710
PCT9702	TO	RSVot	425
PCT9702	ED	RSVot	194
PCT9702	MV	RSVot	231
PCT9703	TO	RSReg	931
PCT9703	TO	RSVot	555
PCT9703	ED	RSVot	182
PCT9703	MV	RSVot	373
PCT9704	TO	RSReg	942
PCT9704	TO	RSVot	545
PCT9704	ED	RSVot	191
PCT9704	MV	RSVot	354
PCT9705	TO	RSReg	879
PCT9705	TO	RSVot	517
PCT9705	ED	RSVot	208
PCT9705	MV	RSVot	309
PCT9706	TO	RSReg	51
PCT9706	TO	RSVot	34
PCT9706	ED	RSVot	2
PCT9706	MV	RSVot	32
PCT9707	TO	RSReg	799
PCT9707	TO	RSVot	476
PCT9707	ED	RSVot	121
PCT9707	MV	RSVot	355
PCT9708	TO	RSReg	919
PCT9708	TO	RSVot	517
PCT9708	ED	RSVot	193
PCT9708	MV	RSVot	324
PCT9709	TO	RSReg	998
PCT9709	TO	RSVot	551
PCT9709	ED	RSVot	196
PCT9709	MV	RSVot	355
PCT9711	TO	RSReg	625
PCT9711	TO	RSVot	421
PCT9711	ED	RSVot	167
PCT9711	MV	RSVot	254
PCT9712	TO	RSReg	651
PCT9712	TO	RSVot	422
PCT9712	ED	RSVot	134
PCT9712	MV	RSVot	288
PCT9713	TO	RSReg	930
PCT9713	TO	RSVot	523
PCT9713	ED	RSVot	161
PCT9713	MV	RSVot	362
PCT9714	TO	RSReg	911
PCT9714	TO	RSVot	521
PCT9714	ED	RSVot	154
PCT9714	MV	RSVot	367
PCT9715	TO	RSReg	566
PCT9715	TO	RSVot	380
PCT9715	ED	RSVot	162
PCT9715	MV	RSVot	218
PCT9716	TO	RSReg	928
PCT9716	TO	RSVot	566
PCT9716	ED	RSVot	198
PCT9716	MV	RSVot	368
PCT9717	TO	RSReg	967
PCT9717	TO	RSVot	577
PCT9717	ED	RSVot	206
PCT9717	MV	RSVot	371
PCT9718	TO	RSReg	843
PCT9718	TO	RSVot	568
PCT9718	ED	RSVot	183
PCT9718	MV	RSVot	385
PCT9719	TO	RSReg	863
PCT9719	TO	RSVot	575
PCT9719	ED	RSVot	186
PCT9719	MV	RSVot	389
PCT9721	TO	RSReg	653
PCT9721	TO	RSVot	432
PCT9721	ED	RSVot	182
PCT9721	MV	RSVot	250
PCT9722	TO	RSReg	593
PCT9722	TO	RSVot	355
PCT9722	ED	RSVot	86
PCT9722	MV	RSVot	269
PCT9723	TO	RSReg	458
PCT9723	TO	RSVot	272
PCT9723	ED	RSVot	74
PCT9723	MV	RSVot	198
PCT9724	TO	RSReg	950
PCT9724	TO	RSVot	530
PCT9724	ED	RSVot	144
PCT9724	MV	RSVot	386
PCT9725	TO	RSReg	941
PCT9725	TO	RSVot	468
PCT9725	ED	RSVot	118
PCT9725	MV	RSVot	350
PCT9726	TO	RSReg	685
PCT9726	TO	RSVot	220
PCT9726	ED	RSVot	83
PCT9726	MV	RSVot	137
PCT9727	TO	RSReg	435
PCT9727	TO	RSVot	265
PCT9727	ED	RSVot	60
PCT9727	MV	RSVot	205
PCT9728	TO	RSReg	906
PCT9728	TO	RSVot	582
PCT9728	ED	RSVot	204
PCT9728	MV	RSVot	378
PCT9729	TO	RSReg	782
PCT9729	TO	RSVot	465
PCT9729	ED	RSVot	161
PCT9729	MV	RSVot	304
PCT9731	TO	RSReg	529
PCT9731	TO	RSVot	327
PCT9731	ED	RSVot	138
PCT9731	MV	RSVot	189
PCT9732	TO	RSReg	73
PCT9732	TO	RSVot	46
PCT9732	ED	RSVot	3
PCT9732	MV	RSVot	43
PCT9733	TO	RSReg	224
PCT9733	TO	RSVot	150
PCT9733	ED	RSVot	4
PCT9733	MV	RSVot	146
PCT9734	TO	RSReg	577
PCT9734	TO	RSVot	383
PCT9734	ED	RSVot	122
PCT9734	MV	RSVot	261
PCT9735	TO	RSReg	782
PCT9735	TO	RSVot	511
PCT9735	ED	RSVot	167
PCT9735	MV	RSVot	344
PCT9736	TO	RSReg	699
PCT9736	TO	RSVot	450
PCT9736	ED	RSVot	145
PCT9736	MV	RSVot	305
PCT9737	TO	RSReg	792
PCT9737	TO	RSVot	518
PCT9737	ED	RSVot	175
PCT9737	MV	RSVot	343
PCT9738	TO	RSReg	830
PCT9738	TO	RSVot	362
PCT9738	ED	RSVot	99
PCT9738	MV	RSVot	263
PCT9739	TO	RSReg	826
PCT9739	TO	RSVot	319
PCT9739	ED	RSVot	126
PCT9739	MV	RSVot	193
PCT9741	TO	RSReg	1022
PCT9741	TO	RSVot	43
PCT9741	ED	RSVot	19
PCT9741	MV	RSVot	24
PCT9742	TO	RSReg	647
PCT9742	TO	RSVot	321
PCT9742	ED	RSVot	134
PCT9742	MV	RSVot	187
PCT9743	TO	RSReg	1093
PCT9743	TO	RSVot	489
PCT9743	ED	RSVot	172
PCT9743	MV	RSVot	317
PCT9744	TO	RSReg	902
PCT9744	TO	RSVot	375
PCT9744	ED	RSVot	141
PCT9744	MV	RSVot	234
PCT9745	TO	RSReg	934
PCT9745	TO	RSVot	346
PCT9745	ED	RSVot	141
PCT9745	MV	RSVot	205
PCT9746	TO	RSReg	867
PCT9746	TO	RSVot	526
PCT9746	ED	RSVot	192
PCT9746	MV	RSVot	334
PCT9747	TO	RSReg	940
PCT9747	TO	RSVot	521
PCT9747	ED	RSVot	198
PCT9747	MV	RSVot	323
PCT9748	TO	RSReg	913
PCT9748	TO	RSVot	506
PCT9748	ED	RSVot	164
PCT9748	MV	RSVot	342
PCT9749	TO	RSReg	893
PCT9749	TO	RSVot	409
PCT9749	ED	RSVot	143
PCT9749	MV	RSVot	266
PCT9751	TO	RSReg	977
PCT9751	TO	RSVot	541
PCT9751	ED	RSVot	157
PCT9751	MV	RSVot	384
PCT9752	TO	RSReg	692
PCT9752	TO	RSVot	448
PCT9752	ED	RSVot	143
PCT9752	MV	RSVot	305
PCT9753	TO	RSReg	735
PCT9753	TO	RSVot	414
PCT9753	ED	RSVot	148
PCT9753	MV	RSVot	266
PCT9754	TO	RSReg	701
PCT9754	TO	RSVot	465
PCT9754	ED	RSVot	169
PCT9754	MV	RSVot	296
PCT9755	TO	RSReg	553
PCT9755	TO	RSVot	321
PCT9755	ED	RSVot	120
PCT9755	MV	RSVot	201
PCT9756	TO	RSReg	908
PCT9756	TO	RSVot	423
PCT9756	ED	RSVot	126
PCT9756	MV	RSVot	297
PCT9801	TO	RSReg	399
PCT9801	TO	RSVot	224
PCT9801	ED	RSVot	76
PCT9801	MV	RSVot	148
PCT9900	TO	RSReg	0
PCT9900	TO	RSVot	0
PCT9900	ED	RSVot	0
PCT9900	MV	RSVot	0
PCT9901	TO	RSReg	0
PCT9901	TO	RSVot	0
PCT9901	ED	RSVot	0
PCT9901	MV	RSVot	0
PCT9902	TO	RSReg	0
PCT9902	TO	RSVot	0
PCT9902	ED	RSVot	0
PCT9902	MV	RSVot	0
CONG12	TO	RSReg	426647
CONG12	TO	RSVot	225360
CONG12	ED	RSVot	80806
CONG12	MV	RSVot	144554
CONG14	TO	RSReg	55344
CONG14	TO	RSVot	28223
CONG14	ED	RSVot	8950
CONG14	MV	RSVot	19273
ASSM17	TO	RSReg	280269
ASSM17	TO	RSVot	147301
ASSM17	ED	RSVot	52419
ASSM17	MV	RSVot	94882
ASSM19	TO	RSReg	201722
ASSM19	TO	RSVot	106282
ASSM19	ED	RSVot	37337
ASSM19	MV	RSVot	68945
SUPV1	TO	RSReg	40919
SUPV1	TO	RSVot	22431
SUPV1	ED	RSVot	8456
SUPV1	MV	RSVot	13975
SUPV2	TO	RSReg	48242
SUPV2	TO	RSVot	24389
SUPV2	ED	RSVot	8604
SUPV2	MV	RSVot	15785
SUPV3	TO	RSReg	38273
SUPV3	TO	RSVot	18567
SUPV3	ED	RSVot	6205
SUPV3	MV	RSVot	12362
SUPV4	TO	RSReg	41216
SUPV4	TO	RSVot	21994
SUPV4	ED	RSVot	7503
SUPV4	MV	RSVot	14491
SUPV5	TO	RSReg	52114
SUPV5	TO	RSVot	28694
SUPV5	ED	RSVot	11532
SUPV5	MV	RSVot	17162
SUPV6	TO	RSReg	41151
SUPV6	TO	RSVot	17498
SUPV6	ED	RSVot	5270
SUPV6	MV	RSVot	12228
SUPV7	TO	RSReg	46301
SUPV7	TO	RSVot	26230
SUPV7	ED	RSVot	8873
SUPV7	MV	RSVot	17357
SUPV8	TO	RSReg	56415
SUPV8	TO	RSVot	36015
SUPV8	ED	RSVot	13639
SUPV8	MV	RSVot	22376
SUPV9	TO	RSReg	41665
SUPV9	TO	RSVot	22565
SUPV9	ED	RSVot	8766
SUPV9	MV	RSVot	13799
SUPV10	TO	RSReg	39848
SUPV10	TO	RSVot	17900
SUPV10	ED	RSVot	5683
SUPV10	MV	RSVot	12217
SUPV11	TO	RSReg	35847
SUPV11	TO	RSVot	17300
SUPV11	ED	RSVot	5225
SUPV11	MV	RSVot	12075
NEIG1	TO	RSReg	19131
NEIG1	TO	RSVot	7881
NEIG1	ED	RSVot	2471
NEIG1	MV	RSVot	5410
NEIG2	TO	RSReg	16742
NEIG2	TO	RSVot	8038
NEIG2	ED	RSVot	2641
NEIG2	MV	RSVot	5397
NEIG3	TO	RSReg	27631
NEIG3	TO	RSVot	12231
NEIG3	ED	RSVot	4126
NEIG3	MV	RSVot	8105
NEIG4	TO	RSReg	6857
NEIG4	TO	RSVot	4487
NEIG4	ED	RSVot	1603
NEIG4	MV	RSVot	2884
NEIG5	TO	RSReg	26541
NEIG5	TO	RSVot	12895
NEIG5	ED	RSVot	3847
NEIG5	MV	RSVot	9048
NEIG6	TO	RSReg	14552
NEIG6	TO	RSVot	8410
NEIG6	ED	RSVot	3674
NEIG6	MV	RSVot	4736
NEIG7	TO	RSReg	11506
NEIG7	TO	RSVot	5461
NEIG7	ED	RSVot	1723
NEIG7	MV	RSVot	3738
NEIG8	TO	RSReg	9393
NEIG8	TO	RSVot	5438
NEIG8	ED	RSVot	2281
NEIG8	MV	RSVot	3157
NEIG9	TO	RSReg	8641
NEIG9	TO	RSVot	3424
NEIG9	ED	RSVot	1117
NEIG9	MV	RSVot	2307
NEIG10	TO	RSReg	9744
NEIG10	TO	RSVot	5037
NEIG10	ED	RSVot	1814
NEIG10	MV	RSVot	3223
NEIG11	TO	RSReg	38757
NEIG11	TO	RSVot	19070
NEIG11	ED	RSVot	6701
NEIG11	MV	RSVot	12369
NEIG12	TO	RSReg	30096
NEIG12	TO	RSVot	16088
NEIG12	ED	RSVot	6808
NEIG12	MV	RSVot	9280
NEIG13	TO	RSReg	16415
NEIG13	TO	RSVot	10584
NEIG13	ED	RSVot	4066
NEIG13	MV	RSVot	6518
NEIG14	TO	RSReg	8622
NEIG14	TO	RSVot	5494
NEIG14	ED	RSVot	2179
NEIG14	MV	RSVot	3315
NEIG15	TO	RSReg	6827
NEIG15	TO	RSVot	3580
NEIG15	ED	RSVot	1205
NEIG15	MV	RSVot	2375
NEIG16	TO	RSReg	15511
NEIG16	TO	RSVot	7917
NEIG16	ED	RSVot	2711
NEIG16	MV	RSVot	5206
NEIG17	TO	RSReg	35688
NEIG17	TO	RSVot	19724
NEIG17	ED	RSVot	7503
NEIG17	MV	RSVot	12221
NEIG18	TO	RSReg	7813
NEIG18	TO	RSVot	4593
NEIG18	ED	RSVot	1665
NEIG18	MV	RSVot	2928
NEIG19	TO	RSReg	9230
NEIG19	TO	RSVot	5452
NEIG19	ED	RSVot	2096
NEIG19	MV	RSVot	3356
NEIG20	TO	RSReg	23278
NEIG20	TO	RSVot	10026
NEIG20	ED	RSVot	2878
NEIG20	MV	RSVot	7148
NEIG21	TO	RSReg	40651
NEIG21	TO	RSVot	21684
NEIG21	ED	RSVot	7363
NEIG21	MV	RSVot	14321
NEIG22	TO	RSReg	18424
NEIG22	TO	RSVot	12111
NEIG22	ED	RSVot	4394
NEIG22	MV	RSVot	7717
NEIG23	TO	RSReg	7867
NEIG23	TO	RSVot	3226
NEIG23	ED	RSVot	809
NEIG23	MV	RSVot	2417
NEIG24	TO	RSReg	33960
NEIG24	TO	RSVot	20797
NEIG24	ED	RSVot	7006
NEIG24	MV	RSVot	13791
NEIG25	TO	RSReg	29200
NEIG25	TO	RSVot	15490
NEIG25	ED	RSVot	5868
NEIG25	MV	RSVot	9622
NEIG26	TO	RSReg	8914
NEIG26	TO	RSVot	4445
NEIG26	ED	RSVot	1207
NEIG26	MV	RSVot	3238
